<?xml version="1.0" encoding="UTF-8"?>
<project-private xmlns="http://www.netbeans.org/ns/project-private/1">
    <editor-bookmarks xmlns="http://www.netbeans.org/ns/editor-bookmarks/2" lastBookmarkId="0"/>
    <open-files xmlns="http://www.netbeans.org/ns/projectui-open-files/2">
        <group>
            <file>file:/C:/Users/KhuongVD1/Documents/NetBeansProjects/DemoObserverPattern/src/demoobserverpattern/EmailObserver.java</file>
            <file>file:/C:/Users/KhuongVD1/Documents/NetBeansProjects/DemoObserverPattern/src/demoobserverpattern/DemoObserverPattern.java</file>
            <file>file:/C:/Users/KhuongVD1/Documents/NetBeansProjects/DemoObserverPattern/src/demoobserverpattern/Account.java</file>
            <file>file:/C:/Users/KhuongVD1/Documents/NetBeansProjects/DemoObserverPattern/src/demoobserverpattern/Observer.java</file>
            <file>file:/C:/Users/KhuongVD1/Documents/NetBeansProjects/DemoObserverPattern/src/demoobserverpattern/MobileObserver.java</file>
        </group>
    </open-files>
</project-private>
